﻿{
  "Serilog": {
    "Using": [ "Serilog.Sinks.Console", "Serilog.Sinks.File" ],
    "MinimumLevel": {
      "Default": "Information",
      "Override": {
        "Default": "Information",
        "Hangfire": "Warning",
        "Microsoft": "Warning",
        "Microsoft.Hosting.Lifetime": "Information"
      }
    },
    "WriteTo": [
      { "Name": "Console" },
      {
        "Name": "File",
        "Args": {
          "path": "Logs/log.log",
          "rollingInterval": "Day"
        }
      }
    ],
    "Enrich": [ "FromLogContext", "WithMachineName" ],
    "Properties": {
      "Application": "WPF6"
    }
  }
}